{"cameraMode":{"drawMode":0,"name":"Shaded","section":"Shading Mode"},"sceneLighting":false,"audioPlay":false,"sceneViewState":{"showFog":true,"showMaterialUpdate":false,"showSkybox":false,"showFlares":true,"showImageEffects":true,"showParticleSystems":true},"in2DMode":false,"pivot":{"x":0.8342743515968323,"y":0.2826203405857086,"z":-0.7257728576660156},"rotation":{"x":-0.16301043331623078,"y":0.5323402285575867,"z":-0.10531365871429444,"w":-0.8239862322807312},"size":4.5,"orthographic":false}